{
	"allDrops": [
		{ "id": 71, "rarity": "Epic", "weight": 1 },
		{ "id": 69, "rarity": "Epic", "weight": 2 },
		{ "id": 68, "rarity": "Epic", "weight": 3 },
		{ "id": 52, "rarity": "Epic", "weight": 4 },
		{ "id": 66, "rarity": "Epic", "weight": 5 },
		{ "id": 67, "rarity": "Epic", "weight": 6 },
		{ "id": 78, "rarity": "Epic", "weight": 7 },
		{ "id": 51, "rarity": "Epic", "weight": 8 },
		{ "id": 49, "rarity": "Epic", "weight": 9 },
		{ "id": 77, "rarity": "Epic", "weight": 10 },
		{ "id": 47, "rarity": "Epic", "weight": 11 },
		{ "id": 46, "rarity": "Epic", "weight": 12 },
		{ "id": 33, "rarity": "Epic", "weight": 13 },
		{ "id": 76, "rarity": "Epic", "weight": 14 },
		{ "id": 62, "rarity": "Epic", "weight": 15 },
		{ "id": 45, "rarity": "Epic", "weight": 16 },
		{ "id": 75, "rarity": "Epic", "weight": 17 },
		{ "id": 61, "rarity": "Epic", "weight": 18 },
		{ "id": 44, "rarity": "Rare", "weight": 19 },
		{ "id": 60, "rarity": "Epic", "weight": 20 },
		{ "id": 31, "rarity": "Epic", "weight": 21 },
		{ "id": 43, "rarity": "Rare", "weight": 22 },
		{ "id": 59, "rarity": "Rare", "weight": 23 },
		{ "id": 42, "rarity": "Rare", "weight": 24 },
		{ "id": 58, "rarity": "Rare", "weight": 25 },
		{ "id": 30, "rarity": "Rare", "weight": 26 },
		{ "id": 29, "rarity": "Rare", "weight": 27 },
		{ "id": 57, "rarity": "Rare", "weight": 28 },
		{ "id": 28, "rarity": "Rare", "weight": 29 },
		{ "id": 56, "rarity": "Rare", "weight": 30 },
		{ "id": 27, "rarity": "Rare", "weight": 31 },
		{ "id": 17, "rarity": "Rare", "weight": 32 },
		{ "id": 25, "rarity": "Rare", "weight": 33 },
		{ "id": 39, "rarity": "Rare", "weight": 34 },
		{ "id": 16, "rarity": "Rare", "weight": 35 },
		{ "id": 13, "rarity": "Rare", "weight": 36 },
		{ "id": 36, "rarity": "Uncommon", "weight": 37 },
		{ "id": 12, "rarity": "Rare", "weight": 38 },
		{ "id": 11, "rarity": "Rare", "weight": 39 },
		{ "id": 37, "rarity": "Rare", "weight": 40 },
		{ "id": 23, "rarity": "Uncommon", "weight": 41 },
		{ "id": 10, "rarity": "Rare", "weight": 42 },
		{ "id": 9, "rarity": "Rare", "weight": 43 },
		{ "id": 35, "rarity": "Uncommon", "weight": 44 },
		{ "id": 22, "rarity": "Uncommon", "weight": 45 },
		{ "id": 34, "rarity": "Uncommon", "weight": 46 },
		{ "id": 8, "rarity": "Uncommon", "weight": 47 },
		{ "id": 21, "rarity": "Uncommon", "weight": 48 },
		{ "id": 7, "rarity": "Uncommon", "weight": 49 },
		{ "id": 20, "rarity": "Uncommon", "weight": 50 },
		{ "id": 19, "rarity": "Uncommon", "weight": 51 },
		{ "id": 6, "rarity": "Uncommon", "weight": 52 },
		{ "id": 18, "rarity": "Uncommon", "weight": 53 },
		{ "id": 5, "rarity": "Uncommon", "weight": 54 },
		{ "id": 3, "rarity": "Uncommon", "weight": 55 },
		{ "id": 2, "rarity": "Uncommon", "weight": 56 },
		{ "id": 1, "rarity": "Uncommon", "weight": 57 }
	],
	"premiumDrops": [
		{ "id": 87, "rarity": "Epic", "weight": 1 },
		{ "id": 86, "rarity": "Epic", "weight": 2 },
		{ "id": 73, "rarity": "Epic", "weight": 3 },
		{ "id": 72, "rarity": "Epic", "weight": 4 }
	],
	"purpleDrops": [
		{ "id": 83, "rarity": "Epic", "weight": 1 },
		{ "id": 81, "rarity": "Epic", "weight": 2 },
		{ "id": 54, "rarity": "Epic", "weight": 3 }
	]
}