[
	{
		"id": "1",
		"name": "Infiniti Project Black S",
		"start": "19/02/2021",
		"end": "26/02/2021",
		"type": "Trial Series",
		"rules": "",
		"isFreeTry": true,
		"isMax": true,
		"allCars": false,
		"infiniteFuels": false,
		"cars": [
			"INFINITI - PROJECT BLACK S"
		],
		"comments": ""
	},
	{
		"id": "2",
		"name": "Ghost",
		"start": "26/02/2021",
		"end": "12/03/2021",
		"type": "World Series",
		"rules": "Ghost",
		"isFreeTry": false,
		"isMax": false,
		"allCars": true,
		"infiniteFuels": false,
		"cars": [],
		"comments": ""
	},
	{
		"id": "3",
		"name": "Fight Fire with Fire",
		"start": "26/02/2021",
		"end": "05/03/2021",
		"type": "Limited Series",
		"rules": "",
		"isFreeTry": true,
		"isMax": true,
		"allCars": false,
		"infiniteFuels": false,
		"cars": [
			"INFINITI - PROJECT BLACK S",
			"PORSCHE - 718 CAYMAN GT4 CLUBSPORT",
			"ICONA - VULCANO TITANIUM",
			"MERCEDES-BENZ - SLR MCLAREN",
			"LAMBORGHINI - AVENTADOR J",
			"TECHRULES - AT96 TRACK VERSION",
			"W MOTORS - FENYR SUPERSPORT",
			"INFERNO AUTOMOBILI - INFERNO"
		],
		"comments": ""
	},
	{
		"id": "4",
		"name": "Acura NSX GT3 EVO",
		"start": "05/03/2021",
		"end": "13/03/2021",
		"type": "Trial Series",
		"rules": "",
		"isFreeTry": true,
		"isMax": true,
		"allCars": false,
		"infiniteFuels": false,
		"cars": [
			"ACURA - NSX GT3 EVO"
		],
		"comments": ""
	},
	{
		"id": "5",
		"name": "Classic Series",
		"start": "12/03/2021",
		"end": "26/03/2021",
		"type": "World Series",
		"rules": "",
		"isFreeTry": false,
		"isMax": false,
		"allCars": true,
		"infiniteFuels": false,
		"cars": [],
		"comments": ""
	},
	{
		"id": "6",
		"name": "NIO EP9",
		"start": "12/03/2021",
		"end": "19/03/2021",
		"type": "Trial Series",
		"rules": "",
		"isFreeTry": true,
		"isMax": true,
		"allCars": false,
		"infiniteFuels": false,
		"cars": [
			"NIO - EP9"
		],
		"comments": ""
	},
	{
		"id": "7",
		"name": "Ride the Lightning",
		"start": "19/03/2021",
		"end": "26/03/2021",
		"type": "Limited Series",
		"rules": "",
		"isFreeTry": true,
		"isMax": true,
		"allCars": false,
		"infiniteFuels": false,
		"cars": [
			"NIO - EP9",
			"ACURA - NSX GT3 EVO",
			"CHEVROLET CORVETTE - STINGRAY",
			"PORSCHE - 918 SPYDER",
			"LAMBORGHINI - HURACAN SPYDER EVO",
			"PAGANI - HUAYRA BC",
			"ZENVO - TS1 GT ANNIVERSARY",
			"ASPARK - OWL"
		],
		"comments": ""
	},
	{
		"id": "8",
		"name": "Easter",
		"start": "26/03/2021",
		"end": "02/04/2021",
		"type": "Limited Series",
		"rules": "",
		"isFreeTry": false,
		"isMax": false,
		"allCars": false,
		"infiniteFuels": false,
		"cars": [
			"ACURA - 2017 NSX",
			"LAMBORGHINI - AVENTADOR SV COUPE",
			"CHEVROLET CORVETTE - GRAND SPORT"
		],
		"comments": ""
	},
	{
		"id": "9",
		"name": "Fire & Lightning",
		"start": "02/04/2021",
		"end": "09/04/2021",
		"type": "Limited Series",
		"rules": "",
		"isFreeTry": false,
		"isMax": false,
		"allCars": false,
		"infiniteFuels": false,
		"cars": [
			"INFINITI - PROJECT BLACK S",
			"NIO - EP9",
			"ACURA - NSX GT3 EVO",
			"PORSCHE - 718 CAYMAN GT4 CLUBSPORT",
			"CHEVROLET CORVETTE - STINGRAY",
			"ICONA - VULCANO TITANIUM",
			"MERCEDES-BENZ - SLR MCLAREN",
			"PORSCHE - 918 SPYDER",
			"LAMBORGHINI - HURACAN SPYDER EVO",
			"LAMBORGHINI - AVENTADOR J",
			"PAGANI - HUAYRA BC",
			"TECHRULES - AT96 TRACK VERSION",
			"W MOTORS - FENYR SUPERSPORT",
			"ZENVO - TS1 GT ANNIVERSARY",
			"INFERNO AUTOMOBILI - INFERNO",
			"ASPARK - OWL"
		],
		"comments": ""
	},
	{
		"id": "10",
		"name": "Classic Series",
		"start": "09/04/2021",
		"end": "23/04/2021",
		"type": "World Series",
		"rules": "",
		"isFreeTry": false,
		"isMax": false,
		"allCars": true,
		"infiniteFuels": false,
		"cars": [],
		"comments": ""
	},
	{
		"id": "11",
		"name": "LAMBORGHINI SC18",
		"start": "09/04/2021",
		"end": "16/04/2021",
		"type": "Trial Series",
		"rules": "",
		"isFreeTry": true,
		"isMax": true,
		"allCars": false,
		"infiniteFuels": false,
		"cars": [
			"LAMBORGHINI - SC18"
		],
		"comments": ""
	},
	{
		"id": "12",
		"name": "Earth Day",
		"start": "16/04/2021",
		"end": "23/04/2021",
		"type": "Limited Series",
		"rules": "Ghost Slipstream",
		"isFreeTry": false,
		"isMax": false,
		"allCars": false,
		"infiniteFuels": false,
		"cars": [
			"NISSAN - LEAF NISMO RC",
			"DS AUTOMOBILES - DS E-TENSE",
			"PORSCHE - TAYCAN TURBO S",
			"ITALDESIGN - DAVINCI [MAX FREE TRY]",
			"PININFARINA - H2 SPEED",
			"ARTEGA - SCALO SUPERELLETRA",
			"NIO - EP9",
			"APEX - AP-0",
			"VANDA ELECTRICS - DENDROBIUM",
			"CITROËN - GT BY CITROËN",
			"LOTUS - EVIJA",
			"LAMBORGHINI - TERZO MILLENNIO",
			"TECHRULES - AT96 TRACK VERSION",
			"AUTOMOBILI PININFARINA - BATTISTA",
			"ASPARK - OWL",
			"RIMAC - C_TWO"
		],
		"comments": ""
	},
	{
		"id": "13",
		"name": "Ghost",
		"start": "23/04/2021",
		"end": "07/05/2021",
		"type": "World Series",
		"rules": "Ghost",
		"isFreeTry": false,
		"isMax": false,
		"allCars": true,
		"infiniteFuels": false,
		"cars": [],
		"comments": ""
	},
	{
		"id": "14",
		"name": "Italian Season I",
		"start": "23/04/2021",
		"end": "30/04/2021",
		"type": "Limited Series",
		"rules": "",
		"isFreeTry": true,
		"isMax": true,
		"allCars": false,
		"infiniteFuels": false,
		"cars": [
			"LAMBORGHINI - CENTENARIO",
			"LAMBORGHINI - AVENTADOR SV COUPE",
			"LAMBORGHINI - SC18",
			"FERRARI - F8 TRIBUTO",
			"MASERATI ALFIERI",
			"FERRARI - 599XX EVO",
			"ATS AUTOMOBILI - CORSA RRTURBO",
			"PAGANI - IMOLA"
		],
		"comments": ""
	},
	{
		"id": "15",
		"name": "FERRARI 488 CHALLENGE EVO",
		"start": "30/04/2021",
		"end": "07/05/2021",
		"type": "Trial Series",
		"rules": "",
		"isFreeTry": true,
		"isMax": true,
		"allCars": false,
		"infiniteFuels": false,
		"cars": [
			"FERRARI - 488 CHALLENGE EVO"
		],
		"comments": ""
	},
	{
		"id": "16",
		"name": "Classic Series",
		"start": "07/05/2021",
		"end": "21/05/2021",
		"type": "World Series",
		"rules": "",
		"isFreeTry": false,
		"isMax": false,
		"allCars": true,
		"infiniteFuels": false,
		"cars": [],
		"comments": ""
	},
	{
		"id": "17",
		"name": "Crescent Moon",
		"start": "07/05/2021",
		"end": "14/05/2021",
		"type": "Trial Series",
		"rules": "Ghost Slipstream",
		"isFreeTry": true,
		"isMax": true,
		"allCars": false,
		"infiniteFuels": false,
		"cars": [
			"W MOTORS - LYKAN HYPERSPORT"
		],
		"comments": ""
	},
	{
		"id": "18",
		"name": "FERRARI ROMA",
		"start": "14/05/2021",
		"end": "21/05/2021",
		"type": "Trial Series",
		"rules": "",
		"isFreeTry": true,
		"isMax": true,
		"allCars": false,
		"infiniteFuels": false,
		"cars": [
			"FERRARI - ROMA"
		],
		"comments": ""
	},
	{
		"id": "19",
		"name": "Ghost Slipstream",
		"start": "21/05/2021",
		"end": "04/06/2021",
		"type": "World Series",
		"rules": "Ghost Slipstream",
		"isFreeTry": false,
		"isMax": false,
		"allCars": true,
		"infiniteFuels": false,
		"cars": [],
		"comments": ""
	},
	{
		"id": "20",
		"name": "Italian Season II",
		"start": "21/05/2021",
		"end": "28/05/2021",
		"type": "Limited Series",
		"rules": "",
		"isFreeTry": true,
		"isMax": true,
		"allCars": false,
		"infiniteFuels": false,
		"cars": [
			"PININFARINA - H2 SPEED",
			"FERRARI - ROMA",
			"ITALDESIGN - ZEROUNO",
			"LAMBORGHINI - MURCIELAGO LP 640 ROADSTER",
			"FERRARI - ENZO FERRARI",
			"LAMBORGHINI - VENENO",
			"FERRARI - 488 CHALLENGE EVO",
			"FERRARI - LAFERRARI APERTA",
			"MAZZANTI - EVANTRA MILLECAVALLI"
		],
		"comments": ""
	},
	{
		"id": "21",
		"name": "Season Finale",
		"start": "28/05/2021",
		"end": "04/06/2021",
		"type": "Limited Series",
		"rules": "",
		"isFreeTry": true,
		"isMax": true,
		"allCars": false,
		"infiniteFuels": false,
		"cars": [
			"LAMBORGHINI - CENTENARIO",
			"LAMBORGHINI - AVENTADOR SV COUPE",
			"LAMBORGHINI - SC18",
			"FERRARI - F8 TRIBUTO",
			"MASERATI ALFIERI",
			"FERRARI - 599XX EVO",
			"ATS AUTOMOBILI - CORSA RRTURBO",
			"PAGANI - IMOLA",
			"PININFARINA - H2 SPEED",
			"FERRARI - ROMA",
			"ITALDESIGN - ZEROUNO",
			"LAMBORGHINI - MURCIELAGO LP 640 ROADSTER",
			"FERRARI - ENZO FERRARI",
			"LAMBORGHINI - VENENO",
			"FERRARI - 488 CHALLENGE EVO",
			"FERRARI - LAFERRARI APERTA",
			"MAZZANTI - EVANTRA MILLECAVALLI"
		],
		"comments": ""
	}
]