[
	{
		"name": "#NoDonate MOVEMENT",
		"type": "CM",
		"start": "22/09/2019",
		"end": "",
		"relevant_to": "",
		"url": ""
	},
	{
		"name": "LAMBORGHINI TERZO SE",
		"type": "SE",
		"start": "12/04/2019",
		"end": "10/05/2019",
		"relevant_to": "U5",
		"url": ""
	},
	{
		"name": "FERRARI LAFERRARI APERTA SE",
		"type": "SE",
		"start": "21/06/2019",
		"end": "22/07/2019",
		"url": ""
	},
	{
		"name": "KOENIGSEGG JESKO DRIVE SYNDICATE",
		"type": "DS",
		"start": "27/07/2019",
		"end": "02/09/2019",
		"url": ""
	},
	{
		"name": "MCLAREN SENNA SE",
		"type": "SE",
		"start": "06/09/2019",
		"end": "04/10/2019",
		"url": ""
	},
	{
		"name": "ZENVO TS1 GT 10TH ANNIVERSARY EDITION SE",
		"type": "SE",
		"start": "04/10/2019",
		"end": "01/11/2019",
		"url": ""
	},
	{
		"name": "AUTOMOBILI PININFARINA BATTISTA SE",
		"type": "SE",
		"start": "01/11//2019",
		"end": "02/12/2019",
		"url": ""
	},
	{
		"name": "RIMAC C_TWO DRIVE SYNDICATE",
		"type": "DS",
		"start": "13/12/2019",
		"end": "24/01/2020",
		"url": ""
	},
	{
		"name": "LOTUS EVIJA SE",
		"type": "SE",
		"start": "07/02/2020",
		"end": "06/03/2020",
		"url": ""
	},
	{
		"name": "TECHRULES AT96 TRACK VERSION GRAND PRIX",
		"type": "GP",
		"start": "14/02/2020",
		"end": "02/03/2020",
		"url": ""
	},
	{
		"name": "PORSCHE 718 CAYMAN GT4 CLUBSPORT GRAND PRIX",
		"type": "GP",
		"start": "20/03/2020",
		"end": "06/04/2020",
		"url": ""
	},
	{
		"name": "PORSCHE CARRERA GT SE",
		"type": "SE",
		"start": "20/03/2020",
		"end": "04/05/2020",
		"url": ""
	},
	{
		"name": "PORSCHE 911 GT2 RS CLUBSPORT GRAND PRIX",
		"type": "GP",
		"start": "17/04/2020",
		"end": "04/05/2020",
		"url": ""
	},
	{
		"name": "LAMBORGHINI VENENO SE",
		"type": "SE",
		"start": "08/05/2020",
		"end": "29/05/2020",
		"url": ""
	},
	{
		"name": "KOENIGSEGG JESKO GRAND PRIX",
		"type": "GP",
		"start": "18/05/2020",
		"end": "05/06/2020",
		"url": ""
	},
	{
		"name": "LAMBORGHINI SIAN FKP 37 SE",
		"type": "SE",
		"start": "05/06/2020",
		"end": "29/06/2020",
		"url": ""
	},
	{
		"name": "LAMBORGHINI SC18 GRAND PRIX",
		"type": "GP",
		"start": "15/06/2020",
		"end": "01/07/2020",
		"url": ""
	},
	{
		"name": "BXR BAILEY BLADE GT1 SE",
		"type": "SE",
		"start": "03/07/2020",
		"end": "27/07/2020",
		"url": ""
	},
	{
		"name": "FORD GT MKII GRAND PRIX",
		"type": "GP",
		"start": "06/07/2020",
		"end": "22/07/2020",
		"url": ""
	},
	{
		"name": "TRION NEMESIS ELITE GRAND PRIX",
		"type": "EGP",
		"start": "24/07/2020",
		"end": "09/08/2020",
		"url": ""
	},
	{
		"name": "SSC TUATARA SE",
		"type": "SE",
		"start": "31/07/2020",
		"end": "23/08/2020",
		"url": ""
	},
	{
		"name": "CHEVROLET CORVETTE C7.R GRAND PRIX",
		"type": "GP",
		"start": "10/08/2020",
		"end": "26/08/2020",
		"url": ""
	},
	{
		"name": "ASTON MARTIN VALHALLA SE",
		"type": "SE",
		"start": "29/08/2020",
		"end": "19/09/2020",
		"url": ""
	},
	{
		"name": "BENTLEY CONTINENTAL GT3 GRAND PRIX",
		"type": "GP",
		"start": "31/08/2020",
		"end": "16/09/2020",
		"url": ""
	},
	{
		"name": "MCLAREN SPEEDTAIL SE",
		"type": "SE",
		"start": "18/09/2020",
		"end": "19/10/2020",
		"url": ""
	},
	{
		"name": "FIRE AND LIGHTNING UPDATE (U17/v2.7.3)",
		"type": "UPDATE",
		"start": "03/02/2021",
		"end": "",
		"url": ""
	},
	{
		"name": "FULL THROTTLE UPDATE (U16/v2.6.3)",
		"type": "UPDATE",
		"start": "10/12/2020",
		"end": "",
		"url": ""
	},
	{
		"name": "FERRARI SEASON UPDATE (U15/v2.5.3)",
		"type": "UPDATE",
		"start": "20/10/2020",
		"end": "",
		"url": ""
	},
	{
		"name": "THE BRITISH SEASON UPDATE (U14/v2.4.3)",
		"type": "UPDATE",
		"start": "27/08/2020",
		"end": "",
		"url": ""
	},
	{
		"name": "THE AMERICAN SEASON UPDATE (U13/v2.3.3)",
		"type": "UPDATE",
		"start": "30/06/2020",
		"end": "",
		"url": ""
	},
	{
		"name": "LAMBORGHINI SEASON UPDATE (U12/v2.2.2)",
		"type": "UPDATE",
		"start": "05/05/2020",
		"end": "",
		"url": ""
	},
	{
		"name": "PORSCHE SEASON UPDATE (U11/v2.1.3)",
		"type": "UPDATE",
		"start": "18/03/2020",
		"end": "",
		"url": ""
	},
	{
		"name": "GRAND PRIX UPDATE (U10/v2.0.4)",
		"type": "UPDATE",
		"start": "05/02/2020",
		"end": "",
		"url": ""
	},
	{
		"name": "GODLY BEASTS UPDATE (U9/v1.8.1)",
		"type": "UPDATE",
		"start": "10/12/2019",
		"end": "",
		"url": ""
	},
	{
		"name": "KING OF THE FALL UPDATE (U8/v1.8.1)",
		"type": "UPDATE",
		"start": "15/10/2019",
		"end": "",
		"url": ""
	},
	{
		"name": "GAME LAUNCH ON SWITCH",
		"type": "MAJOR EVENT",
		"start": "08/10/2019",
		"end": "",
		"url": ""
	},
	{
		"name": "TUNE IT UP UPDATE (U17/v1.7.3)",
		"type": "UPDATE",
		"start": "27/08/2019",
		"end": "",
		"url": ""
	},
	{
		"name": "SUMMER UPDATE (U6/v1.6.2)",
		"type": "UPDATE",
		"start": "18/06/2019",
		"end": "",
		"url": ""
	},
	{
		"name": "CARIBBEAN UPDATE (U5/v1.5.3)",
		"type": "UPDATE",
		"start": "08/04/2019",
		"end": "",
		"url": ""
	},
	{
		"name": "LAMBORGHINI HURACÁN EVO SPYDER SE",
		"type": "SE",
		"start": "08/03/2019",
		"end": "21/03/2019",
		"url": ""
	},
	{
		"name": "MOTOR SHOW UPDATE (U4/v1.4.3)",
		"type": "UPDATE",
		"start": "04/03/2019",
		"end": "",
		"url": ""
	},
	{
		"name": "KOENIGSEGG REGERA SE",
		"type": "SE",
		"start": "01/02/2019",
		"end": "21/02/2019",
		"url": ""
	},
	{
		"name": "ROAD KINGS UPDATE (U3/v1.3.1)",
		"type": "UPDATE",
		"start": "30/01/2019",
		"end": "",
		"url": ""
	},
	{
		"name": "BUGATTI CHIRON SE",
		"type": "SE",
		"start": "20/12/2018",
		"end": "13/01/2019",
		"url": ""
	},
	{
		"name": "SLIPSTREAM UPDATE (U2/v1.2.3)",
		"type": "UPDATE",
		"start": "11/12/2018",
		"end": "",
		"url": ""
	},
	{
		"name": "COMMUNITY UPDATE (U1/v1.1.2)",
		"type": "UPDATE",
		"start": "03/10/2018",
		"end": "",
		"url": ""
	},
	{
		"name": "GAME GLOBAL LAUNCH (v1.0.1)",
		"type": "MAJOR EVENT",
		"start": "25/07/2018",
		"end": "",
		"url": ""
	},
	{
		"name": "GAME SOFT LAUNCH",
		"type": "MAJOR EVENT",
		"start": "26/02/2018",
		"end": "",
		"url": ""
	},

	{
		"name": "MCLAREN F1LM GRAND PRIX",
		"type": "GP",
		"start": "21/09/2020",
		"end": "07/10/2020",
		"url": ""
	},
	{
		"name": "FERRARI F8 TRIBUTO SE",
		"type": "SE",
		"start": "23/10/2020",
		"end": "13/11/2020",
		"url": ""
	},
	{
		"name": "FERRARI 599XX EVO GRAND PRIX",
		"type": "GP",
		"start": "26/10/2020",
		"end": "12/11/2020",
		"url": ""
	},
	{
		"name": "FERRARI SF90 STRADALE SE",
		"type": "SE",
		"start": "13/11/2020",
		"end": "14/12/2020",
		"url": ""
	},
	{
		"name": "RIMAC C_TWO ELITE GRAND PRIX",
		"type": "EGP",
		"start": "17/12/2020",
		"end": "01/01/2021",
		"url": ""
	},
	{
		"name": "BUGATTI LA VOITURE NOIRE DRIVE SYNDICATE",
		"type": "DS",
		"start": "18/12/2020",
		"end": "13/01/2021",
		"url": ""
	},
	{
		"name": "ASTON MARTIN VALHALLA ELITE GRAND PRIX",
		"type": "EGP",
		"start": "01/03/2021",
		"end": "11/03/2021",
		"url": ""
	},
	{
		"name": "INFERNO AUTOMOBILI INFERNO SE",
		"type": "SE",
		"start": "12/02/2021",
		"end": "11/03/2021",
		"url": ""
	},
	{
		"name": "ASPARK OWL SE",
		"type": "SE",
		"start": "12/03/2021",
		"end": "09/04/2021",
		"url": ""
	},
	{
		"name": "ACURA NSX GT3 EVO GRAND PRIX",
		"type": "GP",
		"start": "15/03/2021",
		"end": "02/04/2021",
		"url": ""
	},
	{
		"name": "ITALIAN SEASON UPDATE (U18/v2.8.3)",
		"type": "UPDATE",
		"start": "06/04/2021",
		"end": "",
		"url": ""
	},
	{
		"name": "PAGANI IMOLA SE",
		"type": "SE",
		"start": "09/04/2021",
		"end": "05/05/2021",
		"url": ""
	},
	{
		"name": "LAMBORGHINI SC18 GRAND PRIX #2",
		"type": "GP",
		"start": "16/04/2021",
		"end": "02/05/2021",
		"url": ""
	},
	{
		"name": "FERRRAI 488 CHALLENGE EVO GRAND PRIX #2",
		"type": "GP",
		"start": "03/05/2021",
		"end": "14/05/2021",
		"url": ""
	},
	{
		"name": "MAZZANTI EVANTRA MILLECAVALLI SE",
		"type": "SE",
		"start": "07/05/2021",
		"end": "04/06/2021",
		"url": ""
	},
	{
		"name": "LAMBORGHINI ESSENZA SCV12 GRAND PRIX",
		"type": "GP",
		"start": "14/05/2021",
		"end": "30/05/2021",
		"url": ""
	}
]